family_id,method,reference,metric,n_patients,n_records,n_windows,window_policy,effect_definition,higher_is_better,method_mean,reference_mean,mean,sd,ci95_low,ci95_high,p_value_raw,p_value_holm,cohen_dz,effect_size_status,method_wins,reference_wins,ties,interpretation
frozen_repaired_physiology_120_exploratory,pretrained_mse,random_mse,test_mse,46,53,not_applicable,not_applicable_waveform,method_minus_reference,False,0.09791605581042374,0.09502730199784166,0.002888753812582096,0.022557112595765073,-0.003809881764798381,0.009587389389962574,0.389690046490811,1.0,0.1280639887005945,defined,24,22,0,exploratory_descriptive_CV_dependence_single_pretrain_conditional
frozen_repaired_physiology_120_exploratory,matched_1d_mse,random_mse,test_mse,46,53,not_applicable,not_applicable_waveform,method_minus_reference,False,0.09471647282940932,0.09502730199784166,-0.00031082916843236716,0.01569076312174717,-0.00497041064799275,0.004348752311128016,0.8937203086067187,1.0,-0.01980969096407825,defined,28,18,0,exploratory_descriptive_CV_dependence_single_pretrain_conditional
frozen_repaired_physiology_120_exploratory,pretrained_mse,matched_1d_mse,test_mse,46,53,not_applicable,not_applicable_waveform,method_minus_reference,False,0.09791605581042374,0.09471647282940932,0.003199582981014464,0.023975437103275054,-0.0039202429843618915,0.010319408946390819,0.37022292369138293,1.0,0.13345254008225776,defined,20,26,0,exploratory_descriptive_CV_dependence_single_pretrain_conditional
frozen_repaired_physiology_120_exploratory,pretrained_corr,pretrained_mse,test_mse,46,53,not_applicable,not_applicable_waveform,method_minus_reference,False,0.0880421927517223,0.09791605581042374,-0.00987386305870146,0.025539770604725762,-0.017458238731103404,-0.0022894873862995156,0.01188228134740961,1.0,-0.38660735100237925,defined,29,17,0,exploratory_descriptive_CV_dependence_single_pretrain_conditional
frozen_repaired_physiology_120_exploratory,pretrained_spectral,pretrained_mse,test_mse,46,53,not_applicable,not_applicable_waveform,method_minus_reference,False,0.09113307245310996,0.09791605581042374,-0.006782983357313799,0.020556442123501873,-0.012887493141899638,-0.0006784735727279603,0.030218410318005092,1.0,-0.32996874247800473,defined,26,20,0,exploratory_descriptive_CV_dependence_single_pretrain_conditional
frozen_repaired_physiology_120_exploratory,pretrained_corr_spectral,pretrained_mse,test_mse,46,53,not_applicable,not_applicable_waveform,method_minus_reference,False,0.08826809729478462,0.09791605581042374,-0.009647958515639142,0.026862443196975522,-0.01762511946346387,-0.0016707975678144152,0.018875608737617407,1.0,-0.35916161627194876,defined,28,18,0,exploratory_descriptive_CV_dependence_single_pretrain_conditional
frozen_repaired_physiology_120_exploratory,pretrained_corr_spectral,pretrained_corr,test_mse,46,53,not_applicable,not_applicable_waveform,method_minus_reference,False,0.08826809729478462,0.0880421927517223,0.00022590454306232026,0.013933008904535193,-0.003911688367007244,0.004363497453131885,0.9129251872856776,1.0,0.01621362224126537,defined,24,22,0,exploratory_descriptive_CV_dependence_single_pretrain_conditional
frozen_repaired_physiology_120_exploratory,matched_layerwise_calibrated_mse,matched_1d_mse,test_mse,46,53,not_applicable,not_applicable_waveform,method_minus_reference,False,0.08784060681691683,0.09471647282940932,-0.006875866012492448,0.017837318874833998,-0.012172895865616285,-0.0015788361593686105,0.012115620769398512,1.0,-0.38547643066432746,defined,33,13,0,exploratory_descriptive_CV_dependence_single_pretrain_conditional
frozen_repaired_physiology_120_exploratory,matched_layerwise_calibrated_mse,pretrained_mse,test_mse,46,53,not_applicable,not_applicable_waveform,method_minus_reference,False,0.08784060681691683,0.09791605581042374,-0.010075448993506913,0.032439486060107915,-0.019708787237115867,-0.000442110749897957,0.040765980689953955,1.0,-0.31059212759529753,defined,30,16,0,exploratory_descriptive_CV_dependence_single_pretrain_conditional
frozen_repaired_physiology_120_exploratory,depth2_diagonal,depth1,test_mse,46,53,not_applicable,not_applicable_waveform,method_minus_reference,False,0.09488273363990714,0.09426793351445278,0.0006148001254543327,0.014723860248389023,-0.0037576466439408714,0.004987246894849537,0.7783233349707311,1.0,0.041755362729797685,defined,25,21,0,exploratory_descriptive_CV_dependence_single_pretrain_conditional
frozen_repaired_physiology_120_exploratory,depth3_diagonal,depth2_diagonal,test_mse,46,53,not_applicable,not_applicable_waveform,method_minus_reference,False,0.0912192909700711,0.09488273363990714,-0.003663442669836027,0.016411390498150644,-0.008537024064550309,0.0012101387248782541,0.1370211290453593,1.0,-0.22322561091023035,defined,26,20,0,exploratory_descriptive_CV_dependence_single_pretrain_conditional
frozen_repaired_physiology_120_exploratory,depth3_diagonal,depth1,test_mse,46,53,not_applicable,not_applicable_waveform,method_minus_reference,False,0.0912192909700711,0.09426793351445278,-0.003048642544381694,0.013166962672219895,-0.006958747803985351,0.0008614627152219627,0.12333655883695557,1.0,-0.23153726643532024,defined,26,20,0,exploratory_descriptive_CV_dependence_single_pretrain_conditional
frozen_repaired_physiology_120_exploratory,depth3_lowrank,depth3_diagonal,test_mse,46,53,not_applicable,not_applicable_waveform,method_minus_reference,False,0.0947970518930431,0.0912192909700711,0.003577760922971999,0.022493462044019603,-0.003101972773743036,0.010257494619687033,0.28643332565793167,1.0,0.15905781493174936,defined,20,26,0,exploratory_descriptive_CV_dependence_single_pretrain_conditional
frozen_repaired_physiology_120_exploratory,depth3_lowrank,depth1,test_mse,46,53,not_applicable,not_applicable_waveform,method_minus_reference,False,0.0947970518930431,0.09426793351445278,0.0005291183785903058,0.025865037164960334,-0.007151849539085466,0.008210086296266078,0.8902703809465655,1.0,0.020456896126447813,defined,25,21,0,exploratory_descriptive_CV_dependence_single_pretrain_conditional
frozen_repaired_physiology_120_exploratory,pretrained_hard_lag,pretrained_corr,test_mse,46,53,not_applicable,not_applicable_waveform,method_minus_reference,False,0.09080918144614619,0.0880421927517223,0.002766988694423888,0.016758997907740856,-0.002209819358886726,0.007743796747734502,0.2687427483453287,1.0,0.16510466256134781,defined,19,27,0,exploratory_descriptive_CV_dependence_single_pretrain_conditional
frozen_repaired_physiology_120_exploratory,pretrained_hard_lag,pretrained_mse,test_mse,46,53,not_applicable,not_applicable_waveform,method_minus_reference,False,0.09080918144614619,0.09791605581042374,-0.007106874364277575,0.021684784084759916,-0.013546460350351782,-0.000667288378203369,0.03129611674104691,1.0,-0.32773553734723565,defined,30,16,0,exploratory_descriptive_CV_dependence_single_pretrain_conditional
frozen_repaired_physiology_120_exploratory,pretrained_soft_lag,pretrained_corr,test_mse,46,53,not_applicable,not_applicable_waveform,method_minus_reference,False,0.0905072788113194,0.0880421927517223,0.0024650860595971133,0.014814162902293291,-0.0019341772878333744,0.006864349407027601,0.26505433992369976,1.0,0.1664006313320281,defined,24,22,0,exploratory_descriptive_CV_dependence_single_pretrain_conditional
frozen_repaired_physiology_120_exploratory,pretrained_soft_lag,pretrained_mse,test_mse,46,53,not_applicable,not_applicable_waveform,method_minus_reference,False,0.0905072788113194,0.09791605581042374,-0.007408776999104348,0.02339529694997778,-0.014356322604827151,-0.00046123139338154467,0.037149563774880275,1.0,-0.31667804922268294,defined,30,16,0,exploratory_descriptive_CV_dependence_single_pretrain_conditional
frozen_repaired_physiology_120_exploratory,pretrained_soft_lag,pretrained_hard_lag,test_mse,46,53,not_applicable,not_applicable_waveform,method_minus_reference,False,0.0905072788113194,0.09080918144614619,-0.0003019026348267746,0.009568887854856836,-0.003143511566305973,0.0025397062966524236,0.831525017644734,1.0,-0.03155044132673571,defined,28,18,0,exploratory_descriptive_CV_dependence_single_pretrain_conditional
frozen_repaired_physiology_120_exploratory,pretrained_mse,random_mse,test_mae,46,53,not_applicable,not_applicable_waveform,method_minus_reference,False,0.25240394650397496,0.24973388777398647,0.002670058729988573,0.0326687209228061,-0.00703135386490656,0.012371471324883705,0.5820983033769137,1.0,0.08173135202623129,defined,24,22,0,exploratory_descriptive_CV_dependence_single_pretrain_conditional
frozen_repaired_physiology_120_exploratory,matched_1d_mse,random_mse,test_mae,46,53,not_applicable,not_applicable_waveform,method_minus_reference,False,0.25154360288233446,0.24973388777398647,0.0018097151083480468,0.024206016181222742,-0.005378584390969438,0.008998014607665531,0.6145833976370928,1.0,0.07476302976909896,defined,25,21,0,exploratory_descriptive_CV_dependence_single_pretrain_conditional
frozen_repaired_physiology_120_exploratory,pretrained_mse,matched_1d_mse,test_mae,46,53,not_applicable,not_applicable_waveform,method_minus_reference,False,0.25240394650397496,0.25154360288233446,0.000860343621640526,0.032981347420940305,-0.008933907583424367,0.010654594826705421,0.8603633671452081,1.0,0.026085763284925168,defined,22,24,0,exploratory_descriptive_CV_dependence_single_pretrain_conditional
frozen_repaired_physiology_120_exploratory,pretrained_corr,pretrained_mse,test_mae,46,53,not_applicable,not_applicable_waveform,method_minus_reference,False,0.23827610946879543,0.25240394650397496,-0.01412783703517954,0.03159919064075804,-0.023511638341484578,-0.004744035728874505,0.004017757817829576,0.45400663341474207,-0.44709490175855415,defined,30,16,0,exploratory_descriptive_CV_dependence_single_pretrain_conditional
frozen_repaired_physiology_120_exploratory,pretrained_spectral,pretrained_mse,test_mae,46,53,not_applicable,not_applicable_waveform,method_minus_reference,False,0.24424362701774333,0.25240394650397496,-0.008160319486231651,0.024457949501594686,-0.015423433946719651,-0.0008972050257436527,0.028515106581057766,1.0,-0.3336469185897857,defined,25,21,0,exploratory_descriptive_CV_dependence_single_pretrain_conditional
frozen_repaired_physiology_120_exploratory,pretrained_corr_spectral,pretrained_mse,test_mae,46,53,not_applicable,not_applicable_waveform,method_minus_reference,False,0.23814693625998384,0.25240394650397496,-0.014257010243991175,0.034927058337761524,-0.024629066268506375,-0.003884954219475977,0.00814871641334195,0.8963588054676145,-0.40819384518784835,defined,31,15,0,exploratory_descriptive_CV_dependence_single_pretrain_conditional
frozen_repaired_physiology_120_exploratory,pretrained_corr_spectral,pretrained_corr,test_mae,46,53,not_applicable,not_applicable_waveform,method_minus_reference,False,0.23814693625998384,0.23827610946879543,-0.00012917320881163428,0.020307489975311073,-0.006159753331085583,0.005901406913462314,0.9657796113669286,1.0,-0.0063608653245023,defined,24,22,0,exploratory_descriptive_CV_dependence_single_pretrain_conditional
frozen_repaired_physiology_120_exploratory,matched_layerwise_calibrated_mse,matched_1d_mse,test_mae,46,53,not_applicable,not_applicable_waveform,method_minus_reference,False,0.24092565819264825,0.25154360288233446,-0.010617944689686243,0.02544451091684616,-0.018174031726669475,-0.0030618576527030117,0.006927152892834438,0.7689139711046227,-0.4172980461045676,defined,32,14,0,exploratory_descriptive_CV_dependence_single_pretrain_conditional
frozen_repaired_physiology_120_exploratory,matched_layerwise_calibrated_mse,pretrained_mse,test_mae,46,53,not_applicable,not_applicable_waveform,method_minus_reference,False,0.24092565819264825,0.25240394650397496,-0.01147828831132677,0.042358948491908875,-0.02405734328494956,0.0011007666622960197,0.07269124055683826,1.0,-0.2709767055128688,defined,28,18,0,exploratory_descriptive_CV_dependence_single_pretrain_conditional
frozen_repaired_physiology_120_exploratory,depth2_diagonal,depth1,test_mae,46,53,not_applicable,not_applicable_waveform,method_minus_reference,False,0.25058336848105955,0.2504199567997259,0.000163411681333703,0.02123351695331678,-0.006142164508550768,0.006468987871218173,0.9586032687616423,1.0,0.007695930998758888,defined,27,19,0,exploratory_descriptive_CV_dependence_single_pretrain_conditional
frozen_repaired_physiology_120_exploratory,depth3_diagonal,depth2_diagonal,test_mae,46,53,not_applicable,not_applicable_waveform,method_minus_reference,False,0.24494351329967992,0.25058336848105955,-0.005639855181379655,0.023141324779457417,-0.012511980362174862,0.0012322699994155514,0.1053029393106424,1.0,-0.24371358317334374,defined,27,19,0,exploratory_descriptive_CV_dependence_single_pretrain_conditional
frozen_repaired_physiology_120_exploratory,depth3_diagonal,depth1,test_mae,46,53,not_applicable,not_applicable_waveform,method_minus_reference,False,0.24494351329967992,0.2504199567997259,-0.005476443500045953,0.018758687454574336,-0.011047086047255818,9.41990471639122e-05,0.05383327529761085,1.0,-0.29194172104565413,defined,31,15,0,exploratory_descriptive_CV_dependence_single_pretrain_conditional
frozen_repaired_physiology_120_exploratory,depth3_lowrank,depth3_diagonal,test_mae,46,53,not_applicable,not_applicable_waveform,method_minus_reference,False,0.24934192596707555,0.24494351329967992,0.0043984126673956,0.026134532927728257,-0.0033625856130655857,0.012159410947856785,0.25971710637660056,1.0,0.1682988817729727,defined,21,25,0,exploratory_descriptive_CV_dependence_single_pretrain_conditional
frozen_repaired_physiology_120_exploratory,depth3_lowrank,depth1,test_mae,46,53,not_applicable,not_applicable_waveform,method_minus_reference,False,0.24934192596707555,0.2504199567997259,-0.001078030832650353,0.03058124183526374,-0.010159538658108185,0.008003476992807478,0.8121241152506923,1.0,-0.035251375286116,defined,23,23,0,exploratory_descriptive_CV_dependence_single_pretrain_conditional
frozen_repaired_physiology_120_exploratory,pretrained_hard_lag,pretrained_corr,test_mae,46,53,not_applicable,not_applicable_waveform,method_minus_reference,False,0.24285863853571268,0.23827610946879543,0.004582529066917191,0.023512894162267463,-0.00239993860015988,0.011564996733994262,0.1929028195550243,1.0,0.19489430077353248,defined,20,26,0,exploratory_descriptive_CV_dependence_single_pretrain_conditional
frozen_repaired_physiology_120_exploratory,pretrained_hard_lag,pretrained_mse,test_mae,46,53,not_applicable,not_applicable_waveform,method_minus_reference,False,0.24285863853571268,0.25240394650397496,-0.00954530796826235,0.027071975354455692,-0.01758469228615464,-0.001505923650370061,0.02102679207575006,1.0,-0.3525900065763512,defined,28,18,0,exploratory_descriptive_CV_dependence_single_pretrain_conditional
frozen_repaired_physiology_120_exploratory,pretrained_soft_lag,pretrained_corr,test_mae,46,53,not_applicable,not_applicable_waveform,method_minus_reference,False,0.24225892288185474,0.23827610946879543,0.003982813413059256,0.021441638700406464,-0.0023845673067074327,0.010350194132825945,0.21422654547938624,1.0,0.18575135364927844,defined,26,20,0,exploratory_descriptive_CV_dependence_single_pretrain_conditional
frozen_repaired_physiology_120_exploratory,pretrained_soft_lag,pretrained_mse,test_mae,46,53,not_applicable,not_applicable_waveform,method_minus_reference,False,0.24225892288185474,0.25240394650397496,-0.010145023622120287,0.029558636927158752,-0.01892285527493171,-0.0013671919693088608,0.02447728105086301,1.0,-0.34321689620264406,defined,28,18,0,exploratory_descriptive_CV_dependence_single_pretrain_conditional
frozen_repaired_physiology_120_exploratory,pretrained_soft_lag,pretrained_hard_lag,test_mae,46,53,not_applicable,not_applicable_waveform,method_minus_reference,False,0.24225892288185474,0.24285863853571268,-0.0005997156538579344,0.013075548009208541,-0.004482674109483805,0.0032832428017679355,0.7571804749181856,1.0,-0.045865431677171824,defined,26,20,0,exploratory_descriptive_CV_dependence_single_pretrain_conditional
frozen_repaired_physiology_120_exploratory,pretrained_mse,random_mse,waveform_correlation,46,53,not_applicable,not_applicable_waveform,method_minus_reference,True,0.20007728962388868,0.19420576217871893,0.005871527445169756,0.22574216016430276,-0.06116561921850464,0.07290867410884415,0.8607652532808855,1.0,0.02600988420105602,defined,28,18,0,exploratory_descriptive_CV_dependence_single_pretrain_conditional
frozen_repaired_physiology_120_exploratory,matched_1d_mse,random_mse,waveform_correlation,46,53,not_applicable,not_applicable_waveform,method_minus_reference,True,0.19342796433734744,0.19420576217871893,-0.0007777978413715452,0.16636182378009767,-0.050181161270983696,0.048625565588240605,0.9748437966423844,1.0,-0.004675338510352369,defined,22,24,0,exploratory_descriptive_CV_dependence_single_pretrain_conditional
frozen_repaired_physiology_120_exploratory,pretrained_mse,matched_1d_mse,waveform_correlation,46,53,not_applicable,not_applicable_waveform,method_minus_reference,True,0.20007728962388868,0.19342796433734744,0.006649325286541312,0.25611603940752675,-0.0694077501139306,0.08270640068701324,0.86101804528924,1.0,0.02596215880084354,defined,23,23,0,exploratory_descriptive_CV_dependence_single_pretrain_conditional
frozen_repaired_physiology_120_exploratory,pretrained_corr,pretrained_mse,waveform_correlation,46,53,not_applicable,not_applicable_waveform,method_minus_reference,True,0.26638783666741983,0.20007728962388868,0.06631054704353115,0.15753469232714146,0.019528518084186618,0.11309257600287567,0.006489475182312003,0.7268212204189444,0.420926629328279,defined,30,16,0,exploratory_descriptive_CV_dependence_single_pretrain_conditional
frozen_repaired_physiology_120_exploratory,pretrained_spectral,pretrained_mse,waveform_correlation,46,53,not_applicable,not_applicable_waveform,method_minus_reference,True,0.23892996701732933,0.20007728962388868,0.03885267739344058,0.18218832144003838,-0.015250575698029768,0.09295593048491094,0.15500332484562718,1.0,0.21325558678154752,defined,26,20,0,exploratory_descriptive_CV_dependence_single_pretrain_conditional
frozen_repaired_physiology_120_exploratory,pretrained_corr_spectral,pretrained_mse,waveform_correlation,46,53,not_applicable,not_applicable_waveform,method_minus_reference,True,0.2729316237721915,0.20007728962388868,0.07285433414830282,0.21414565867576563,0.009260923340202606,0.13644774495640305,0.02568741249082839,1.0,0.34020925102483796,defined,32,14,0,exploratory_descriptive_CV_dependence_single_pretrain_conditional
frozen_repaired_physiology_120_exploratory,pretrained_corr_spectral,pretrained_corr,waveform_correlation,46,53,not_applicable,not_applicable_waveform,method_minus_reference,True,0.2729316237721915,0.26638783666741983,0.006543787104771671,0.14243169032674646,-0.03575320388282074,0.04884077809236408,0.7567814695061341,1.0,0.045943336695364975,defined,23,23,0,exploratory_descriptive_CV_dependence_single_pretrain_conditional
frozen_repaired_physiology_120_exploratory,matched_layerwise_calibrated_mse,matched_1d_mse,waveform_correlation,46,53,not_applicable,not_applicable_waveform,method_minus_reference,True,0.2682585811675538,0.19342796433734744,0.07483061683020638,0.18672803911736155,0.019379233998483306,0.13028199966192944,0.00929299255793311,1.0,0.4007465466028599,defined,32,14,0,exploratory_descriptive_CV_dependence_single_pretrain_conditional
frozen_repaired_physiology_120_exploratory,matched_layerwise_calibrated_mse,pretrained_mse,waveform_correlation,46,53,not_applicable,not_applicable_waveform,method_minus_reference,True,0.2682585811675538,0.20007728962388868,0.06818129154366509,0.2883583276873465,-0.01745056158823982,0.15381314467557,0.11578622245337819,1.0,0.23644641058395544,defined,28,18,0,exploratory_descriptive_CV_dependence_single_pretrain_conditional
frozen_repaired_physiology_120_exploratory,depth2_diagonal,depth1,waveform_correlation,46,53,not_applicable,not_applicable_waveform,method_minus_reference,True,0.20256586114206487,0.2001841370438315,0.0023817240982334322,0.19890158788905693,-0.056684756479659724,0.061448204676126585,0.9356317288875106,1.0,0.011974384536145117,defined,27,19,0,exploratory_descriptive_CV_dependence_single_pretrain_conditional
frozen_repaired_physiology_120_exploratory,depth3_diagonal,depth2_diagonal,waveform_correlation,46,53,not_applicable,not_applicable_waveform,method_minus_reference,True,0.22147434317944495,0.20256586114206487,0.018908482037380044,0.1837024227884483,-0.035644403652994955,0.07346136772775504,0.4887034849064655,1.0,0.10292995459921098,defined,23,23,0,exploratory_descriptive_CV_dependence_single_pretrain_conditional
frozen_repaired_physiology_120_exploratory,depth3_diagonal,depth1,waveform_correlation,46,53,not_applicable,not_applicable_waveform,method_minus_reference,True,0.22147434317944495,0.2001841370438315,0.02129020613561347,0.13500498091383217,-0.01880132439311001,0.06138173666433695,0.2905168929305233,1.0,0.15769941221059158,defined,26,20,0,exploratory_descriptive_CV_dependence_single_pretrain_conditional
frozen_repaired_physiology_120_exploratory,depth3_lowrank,depth3_diagonal,waveform_correlation,46,53,not_applicable,not_applicable_waveform,method_minus_reference,True,0.17995498253294998,0.22147434317944495,-0.04151936064649499,0.20683716070182018,-0.10294241545988889,0.019903694166898904,0.1801504112778371,1.0,-0.20073453196522056,defined,23,23,0,exploratory_descriptive_CV_dependence_single_pretrain_conditional
frozen_repaired_physiology_120_exploratory,depth3_lowrank,depth1,waveform_correlation,46,53,not_applicable,not_applicable_waveform,method_minus_reference,True,0.17995498253294998,0.2001841370438315,-0.020229154510881534,0.2448146172788545,-0.09293012180909875,0.05247181278733569,0.5779676925383815,1.0,-0.08263050113482255,defined,25,21,0,exploratory_descriptive_CV_dependence_single_pretrain_conditional
frozen_repaired_physiology_120_exploratory,pretrained_hard_lag,pretrained_corr,waveform_correlation,46,53,not_applicable,not_applicable_waveform,method_minus_reference,True,0.2602444245698271,0.26638783666741983,-0.006143412097592752,0.2091908340572287,-0.06826542162024458,0.05597859742505908,0.8430191406554691,1.0,-0.029367501330923935,defined,20,26,0,exploratory_descriptive_CV_dependence_single_pretrain_conditional
frozen_repaired_physiology_120_exploratory,pretrained_hard_lag,pretrained_mse,waveform_correlation,46,53,not_applicable,not_applicable_waveform,method_minus_reference,True,0.2602444245698271,0.20007728962388868,0.06016713494593838,0.2019472395431585,0.0001962074695400287,0.12013806242233674,0.049286283033194996,1.0,0.2979349214282276,defined,31,15,0,exploratory_descriptive_CV_dependence_single_pretrain_conditional
frozen_repaired_physiology_120_exploratory,pretrained_soft_lag,pretrained_corr,waveform_correlation,46,53,not_applicable,not_applicable_waveform,method_minus_reference,True,0.25334488410088163,0.26638783666741983,-0.01304295256653822,0.16467386706619921,-0.06194505472661531,0.03585914959353888,0.5937809610746857,1.0,-0.07920475057098723,defined,23,23,0,exploratory_descriptive_CV_dependence_single_pretrain_conditional
frozen_repaired_physiology_120_exploratory,pretrained_soft_lag,pretrained_mse,waveform_correlation,46,53,not_applicable,not_applicable_waveform,method_minus_reference,True,0.25334488410088163,0.20007728962388868,0.05326759447699294,0.18542202417861686,-0.0017959497917879944,0.10833113874577388,0.05761814787901829,1.0,0.2872776020699694,defined,32,14,0,exploratory_descriptive_CV_dependence_single_pretrain_conditional
frozen_repaired_physiology_120_exploratory,pretrained_soft_lag,pretrained_hard_lag,waveform_correlation,46,53,not_applicable,not_applicable_waveform,method_minus_reference,True,0.25334488410088163,0.2602444245698271,-0.006899540468945463,0.10530451304368085,-0.03817112075380692,0.024372039815916,0.6588995096775914,1.0,-0.06551989339795436,defined,23,23,0,exploratory_descriptive_CV_dependence_single_pretrain_conditional
frozen_repaired_physiology_120_exploratory,pretrained_mse,random_mse,max_lag_waveform_correlation,46,53,not_applicable,not_applicable_waveform,method_minus_reference,True,0.5324157902847351,0.5189358105557257,0.013479979729009378,0.09396630811693545,-0.014424569310896264,0.04138452876891502,0.3357732814693469,1.0,0.14345545759054779,defined,27,19,0,exploratory_descriptive_CV_dependence_single_pretrain_conditional
frozen_repaired_physiology_120_exploratory,matched_1d_mse,random_mse,max_lag_waveform_correlation,46,53,not_applicable,not_applicable_waveform,method_minus_reference,True,0.5151007859132598,0.5189358105557257,-0.0038350246424660368,0.10181463542096139,-0.03407023919988765,0.026400189914955574,0.7995255925427518,1.0,-0.03766673255381996,defined,19,27,0,exploratory_descriptive_CV_dependence_single_pretrain_conditional
frozen_repaired_physiology_120_exploratory,pretrained_mse,matched_1d_mse,max_lag_waveform_correlation,46,53,not_applicable,not_applicable_waveform,method_minus_reference,True,0.5324157902847351,0.5151007859132598,0.01731500437147542,0.078528212288789,-0.006004996113184453,0.04063500485613529,0.14177412819666702,1.0,0.2204940602467704,defined,29,17,0,exploratory_descriptive_CV_dependence_single_pretrain_conditional
frozen_repaired_physiology_120_exploratory,pretrained_corr,pretrained_mse,max_lag_waveform_correlation,46,53,not_applicable,not_applicable_waveform,method_minus_reference,True,0.5571761371847501,0.5324157902847351,0.02476034690001511,0.09156904654751519,-0.002432303328860068,0.05195299712889029,0.07327975614267584,1.0,0.27040083776745416,defined,29,17,0,exploratory_descriptive_CV_dependence_single_pretrain_conditional
frozen_repaired_physiology_120_exploratory,pretrained_spectral,pretrained_mse,max_lag_waveform_correlation,46,53,not_applicable,not_applicable_waveform,method_minus_reference,True,0.5365397239626738,0.5324157902847351,0.004123933677938593,0.0717157586253672,-0.017173017789019397,0.025420885144896585,0.6983689535399649,1.0,0.057503870236964634,defined,27,19,0,exploratory_descriptive_CV_dependence_single_pretrain_conditional
frozen_repaired_physiology_120_exploratory,pretrained_corr_spectral,pretrained_mse,max_lag_waveform_correlation,46,53,not_applicable,not_applicable_waveform,method_minus_reference,True,0.558804703976581,0.5324157902847351,0.02638891369184593,0.09663385461400592,-0.0023077988749176485,0.05508562625860951,0.07057416657263763,1.0,0.27308145574088666,defined,25,21,0,exploratory_descriptive_CV_dependence_single_pretrain_conditional
frozen_repaired_physiology_120_exploratory,pretrained_corr_spectral,pretrained_corr,max_lag_waveform_correlation,46,53,not_applicable,not_applicable_waveform,method_minus_reference,True,0.558804703976581,0.5571761371847501,0.0016285667918308163,0.06502143751214151,-0.017680416694514187,0.020937550278175822,0.8658703283532097,1.0,0.025046613150112418,defined,21,25,0,exploratory_descriptive_CV_dependence_single_pretrain_conditional
frozen_repaired_physiology_120_exploratory,matched_layerwise_calibrated_mse,matched_1d_mse,max_lag_waveform_correlation,46,53,not_applicable,not_applicable_waveform,method_minus_reference,True,0.5162134662037398,0.5151007859132598,0.001112680290480094,0.12537190740976337,-0.03611818052176597,0.03834354110272616,0.952268116079739,1.0,0.008875036788292844,defined,26,20,0,exploratory_descriptive_CV_dependence_single_pretrain_conditional
frozen_repaired_physiology_120_exploratory,matched_layerwise_calibrated_mse,pretrained_mse,max_lag_waveform_correlation,46,53,not_applicable,not_applicable_waveform,method_minus_reference,True,0.5162134662037398,0.5324157902847351,-0.016202324080995322,0.10935520327761994,-0.04867681088143211,0.01627216271944146,0.32032487697218687,1.0,-0.14816235163371697,defined,21,25,0,exploratory_descriptive_CV_dependence_single_pretrain_conditional
frozen_repaired_physiology_120_exploratory,depth2_diagonal,depth1,max_lag_waveform_correlation,46,53,not_applicable,not_applicable_waveform,method_minus_reference,True,0.5227920911674453,0.5091372449324049,0.01365484623504038,0.09486199442702856,-0.014515688806286774,0.041825381276367535,0.3341460546326597,1.0,0.1439443300503681,defined,31,15,0,exploratory_descriptive_CV_dependence_single_pretrain_conditional
frozen_repaired_physiology_120_exploratory,depth3_diagonal,depth2_diagonal,max_lag_waveform_correlation,46,53,not_applicable,not_applicable_waveform,method_minus_reference,True,0.5139365948412113,0.5227920911674453,-0.008855496326234072,0.08649744574641809,-0.03454206702404025,0.016831074371572108,0.4910221150585818,1.0,-0.1023787032069763,defined,17,29,0,exploratory_descriptive_CV_dependence_single_pretrain_conditional
frozen_repaired_physiology_120_exploratory,depth3_diagonal,depth1,max_lag_waveform_correlation,46,53,not_applicable,not_applicable_waveform,method_minus_reference,True,0.5139365948412113,0.5091372449324049,0.004799349908806303,0.11636554500324667,-0.029756951409934312,0.03935565122754692,0.7809675037399924,1.0,0.041243736783705166,defined,24,22,0,exploratory_descriptive_CV_dependence_single_pretrain_conditional
frozen_repaired_physiology_120_exploratory,depth3_lowrank,depth3_diagonal,max_lag_waveform_correlation,46,53,not_applicable,not_applicable_waveform,method_minus_reference,True,0.5038533814342323,0.5139365948412113,-0.010083213406978963,0.09581954488526538,-0.038538105834006554,0.018371679020048624,0.4790900260457012,1.0,-0.10523128051852713,defined,22,24,0,exploratory_descriptive_CV_dependence_single_pretrain_conditional
frozen_repaired_physiology_120_exploratory,depth3_lowrank,depth1,max_lag_waveform_correlation,46,53,not_applicable,not_applicable_waveform,method_minus_reference,True,0.5038533814342323,0.5091372449324049,-0.005283863498172655,0.10495588845637292,-0.03645191505994174,0.02588418806359643,0.7343561858848172,1.0,-0.05034365937809198,defined,21,25,0,exploratory_descriptive_CV_dependence_single_pretrain_conditional
frozen_repaired_physiology_120_exploratory,pretrained_hard_lag,pretrained_corr,max_lag_waveform_correlation,46,53,not_applicable,not_applicable_waveform,method_minus_reference,True,0.5684456100239262,0.5571761371847501,0.011269472839175999,0.08658829933535461,-0.014444078044174729,0.03698302372252672,0.38207853873917785,1.0,0.13015006560562617,defined,27,19,0,exploratory_descriptive_CV_dependence_single_pretrain_conditional
frozen_repaired_physiology_120_exploratory,pretrained_hard_lag,pretrained_mse,max_lag_waveform_correlation,46,53,not_applicable,not_applicable_waveform,method_minus_reference,True,0.5684456100239262,0.5324157902847351,0.036029819739191116,0.09265591055870492,0.008514410739563653,0.06354522873881857,0.01143048736416286,1.0,0.3888561401203148,defined,32,14,0,exploratory_descriptive_CV_dependence_single_pretrain_conditional
frozen_repaired_physiology_120_exploratory,pretrained_soft_lag,pretrained_corr,max_lag_waveform_correlation,46,53,not_applicable,not_applicable_waveform,method_minus_reference,True,0.5793670845179747,0.5571761371847501,0.02219094733322453,0.08921957037746121,-0.004303994596589093,0.04868588926303816,0.09854007142847993,1.0,0.24872286696003237,defined,33,13,0,exploratory_descriptive_CV_dependence_single_pretrain_conditional
frozen_repaired_physiology_120_exploratory,pretrained_soft_lag,pretrained_mse,max_lag_waveform_correlation,46,53,not_applicable,not_applicable_waveform,method_minus_reference,True,0.5793670845179747,0.5324157902847351,0.04695129423323964,0.08212067158919126,0.022564465023147778,0.0713381234433315,0.0003405202702192106,0.039500351345428425,0.5717353904278029,defined,34,12,0,exploratory_descriptive_CV_dependence_single_pretrain_conditional
frozen_repaired_physiology_120_exploratory,pretrained_soft_lag,pretrained_hard_lag,max_lag_waveform_correlation,46,53,not_applicable,not_applicable_waveform,method_minus_reference,True,0.5793670845179747,0.5684456100239262,0.010921474494048528,0.05566882035130241,-0.0056101245292257025,0.02745307351732276,0.19002359189872584,1.0,0.19618656233646978,defined,26,20,0,exploratory_descriptive_CV_dependence_single_pretrain_conditional
frozen_repaired_physiology_120_exploratory,pretrained_mse,random_mse,rr_manual_primary_mae_bpm,46,53,23838,reference_only_common_mask,method_minus_reference,False,1.6253116705895834,1.7158467047918586,-0.09053503420227575,0.5381236329922675,-0.2503380275015153,0.0692679590969638,0.25987571588605035,1.0,-0.16824207050497014,defined,25,20,1,exploratory_descriptive_CV_dependence_single_pretrain_conditional
frozen_repaired_physiology_120_exploratory,matched_1d_mse,random_mse,rr_manual_primary_mae_bpm,46,53,23838,reference_only_common_mask,method_minus_reference,False,1.7749860568759648,1.7158467047918586,0.059139352084105964,0.5303652830017332,-0.09835969566147619,0.21663839982968813,0.4534248302614909,1.0,0.11150683119640148,defined,19,27,0,exploratory_descriptive_CV_dependence_single_pretrain_conditional
frozen_repaired_physiology_120_exploratory,pretrained_mse,matched_1d_mse,rr_manual_primary_mae_bpm,46,53,23838,reference_only_common_mask,method_minus_reference,False,1.6253116705895834,1.7749860568759648,-0.14967438628638172,0.49774963464596633,-0.2974877820440277,-0.001860990528735701,0.047301702346255504,1.0,-0.30070215198217154,defined,32,14,0,exploratory_descriptive_CV_dependence_single_pretrain_conditional
frozen_repaired_physiology_120_exploratory,pretrained_corr,pretrained_mse,rr_manual_primary_mae_bpm,46,53,23838,reference_only_common_mask,method_minus_reference,False,1.7615393906900783,1.6253116705895834,0.13622772010049533,0.566068491909247,-0.03187387193789762,0.30432931213888825,0.1096149914818842,1.0,0.24065589596945022,defined,24,21,1,exploratory_descriptive_CV_dependence_single_pretrain_conditional
frozen_repaired_physiology_120_exploratory,pretrained_spectral,pretrained_mse,rr_manual_primary_mae_bpm,46,53,23838,reference_only_common_mask,method_minus_reference,False,1.6619707439410325,1.6253116705895834,0.03665907335144978,0.7072708483885577,-0.17337444258485596,0.2466925892877555,0.7268241053046907,1.0,0.051831732404882265,defined,24,21,1,exploratory_descriptive_CV_dependence_single_pretrain_conditional
frozen_repaired_physiology_120_exploratory,pretrained_corr_spectral,pretrained_mse,rr_manual_primary_mae_bpm,46,53,23838,reference_only_common_mask,method_minus_reference,False,1.6704137072825551,1.6253116705895834,0.04510203669297222,0.4120309039980018,-0.07725603820618099,0.16746011159212543,0.4616953440826404,1.0,0.1094627520783998,defined,21,24,1,exploratory_descriptive_CV_dependence_single_pretrain_conditional
frozen_repaired_physiology_120_exploratory,pretrained_corr_spectral,pretrained_corr,rr_manual_primary_mae_bpm,46,53,23838,reference_only_common_mask,method_minus_reference,False,1.6704137072825551,1.7615393906900783,-0.09112568340752311,0.36677011093167267,-0.20004296186575732,0.01779159505071111,0.09889307736854226,1.0,-0.24845449694917845,defined,26,19,1,exploratory_descriptive_CV_dependence_single_pretrain_conditional
frozen_repaired_physiology_120_exploratory,matched_layerwise_calibrated_mse,matched_1d_mse,rr_manual_primary_mae_bpm,46,53,23838,reference_only_common_mask,method_minus_reference,False,1.7830134184385964,1.7749860568759648,0.008027361562632033,0.6615647665266519,-0.18843312348317276,0.20448784660843683,0.9347762109329645,1.0,0.012133901272852387,defined,25,21,0,exploratory_descriptive_CV_dependence_single_pretrain_conditional
frozen_repaired_physiology_120_exploratory,matched_layerwise_calibrated_mse,pretrained_mse,rr_manual_primary_mae_bpm,46,53,23838,reference_only_common_mask,method_minus_reference,False,1.7830134184385964,1.6253116705895834,0.15770174784901375,0.8243242785083205,-0.0870923460702148,0.40249584176824227,0.20106136815010453,1.0,0.19131032769577944,defined,22,24,0,exploratory_descriptive_CV_dependence_single_pretrain_conditional
frozen_repaired_physiology_120_exploratory,depth2_diagonal,depth1,rr_manual_primary_mae_bpm,46,53,23838,reference_only_common_mask,method_minus_reference,False,1.7802303501873116,1.7117280732807767,0.06850227690653521,0.553127262466006,-0.09575624436668304,0.23276079817975345,0.40537121776988405,1.0,0.12384541778167228,defined,23,23,0,exploratory_descriptive_CV_dependence_single_pretrain_conditional
frozen_repaired_physiology_120_exploratory,depth3_diagonal,depth2_diagonal,rr_manual_primary_mae_bpm,46,53,23838,reference_only_common_mask,method_minus_reference,False,1.7009174226427077,1.7802303501873116,-0.0793129275446037,0.4508620611272872,-0.2132024326989713,0.05457657760976389,0.23908041911806135,1.0,-0.17591395325279344,defined,23,23,0,exploratory_descriptive_CV_dependence_single_pretrain_conditional
frozen_repaired_physiology_120_exploratory,depth3_diagonal,depth1,rr_manual_primary_mae_bpm,46,53,23838,reference_only_common_mask,method_minus_reference,False,1.7009174226427077,1.7117280732807767,-0.010810650638068514,0.4304706409795459,-0.13864465148553215,0.11702335020939511,0.8655153339500747,1.0,-0.025113560853926364,defined,28,18,0,exploratory_descriptive_CV_dependence_single_pretrain_conditional
frozen_repaired_physiology_120_exploratory,depth3_lowrank,depth3_diagonal,rr_manual_primary_mae_bpm,46,53,23838,reference_only_common_mask,method_minus_reference,False,1.7206159466755186,1.7009174226427077,0.01969852403281083,0.4313190609913698,-0.10838742645810281,0.14778447452372448,0.7581795413393645,1.0,0.04567042316083725,defined,20,26,0,exploratory_descriptive_CV_dependence_single_pretrain_conditional
frozen_repaired_physiology_120_exploratory,depth3_lowrank,depth1,rr_manual_primary_mae_bpm,46,53,23838,reference_only_common_mask,method_minus_reference,False,1.7206159466755186,1.7117280732807767,0.008887873394742304,0.5639758367260218,-0.1585922767635328,0.17636802355301742,0.9153554085851151,1.0,0.015759315942218306,defined,21,25,0,exploratory_descriptive_CV_dependence_single_pretrain_conditional
frozen_repaired_physiology_120_exploratory,pretrained_hard_lag,pretrained_corr,rr_manual_primary_mae_bpm,46,53,23838,reference_only_common_mask,method_minus_reference,False,1.5845253739052398,1.7615393906900783,-0.1770140167848391,0.4922743342300746,-0.32320144902401493,-0.030826584545663283,0.018744367815959513,1.0,-0.3595840865067484,defined,33,12,1,exploratory_descriptive_CV_dependence_single_pretrain_conditional
frozen_repaired_physiology_120_exploratory,pretrained_hard_lag,pretrained_mse,rr_manual_primary_mae_bpm,46,53,23838,reference_only_common_mask,method_minus_reference,False,1.5845253739052398,1.6253116705895834,-0.04078629668434377,0.40434526242863417,-0.16086201776569378,0.07928942439700626,0.49739913181382156,1.0,-0.10086997542488195,defined,24,21,1,exploratory_descriptive_CV_dependence_single_pretrain_conditional
frozen_repaired_physiology_120_exploratory,pretrained_soft_lag,pretrained_corr,rr_manual_primary_mae_bpm,46,53,23838,reference_only_common_mask,method_minus_reference,False,1.6264930380109064,1.7615393906900783,-0.1350463526791716,0.6634789420765673,-0.33207527769643014,0.06198257233808696,0.17425362769315378,1.0,-0.20354278653743146,defined,31,14,1,exploratory_descriptive_CV_dependence_single_pretrain_conditional
frozen_repaired_physiology_120_exploratory,pretrained_soft_lag,pretrained_mse,rr_manual_primary_mae_bpm,46,53,23838,reference_only_common_mask,method_minus_reference,False,1.6264930380109064,1.6253116705895834,0.0011813674213237218,0.573961494030333,-0.16926415691763205,0.17162689176027948,0.9889237119265147,1.0,0.002058269472100315,defined,28,17,1,exploratory_descriptive_CV_dependence_single_pretrain_conditional
frozen_repaired_physiology_120_exploratory,pretrained_soft_lag,pretrained_hard_lag,rr_manual_primary_mae_bpm,46,53,23838,reference_only_common_mask,method_minus_reference,False,1.6264930380109064,1.5845253739052398,0.04196766410566752,0.419452283144408,-0.08259428835859034,0.16652961656992538,0.5008691430478963,1.0,0.10005348830398186,defined,24,21,1,exploratory_descriptive_CV_dependence_single_pretrain_conditional
frozen_repaired_physiology_120_exploratory,pretrained_mse,random_mse,rr_fft_secondary_mae_bpm,46,53,23838,reference_only_common_mask,method_minus_reference,False,1.3949628954884188,1.4986631605855236,-0.10370026509710502,0.5855148303180022,-0.27757670680926005,0.07017617661505,0.2359520300644439,1.0,-0.17710954484412256,defined,22,22,2,exploratory_descriptive_CV_dependence_single_pretrain_conditional
frozen_repaired_physiology_120_exploratory,matched_1d_mse,random_mse,rr_fft_secondary_mae_bpm,46,53,23838,reference_only_common_mask,method_minus_reference,False,1.5594428029963887,1.4986631605855236,0.06077964241086543,0.5517998881779469,-0.10308469735562215,0.22464398217735299,0.4589131981159894,1.0,0.11014797884711593,defined,20,26,0,exploratory_descriptive_CV_dependence_single_pretrain_conditional
frozen_repaired_physiology_120_exploratory,pretrained_mse,matched_1d_mse,rr_fft_secondary_mae_bpm,46,53,23838,reference_only_common_mask,method_minus_reference,False,1.3949628954884188,1.5594428029963887,-0.16447990750797048,0.5444251319449873,-0.32615421500561675,-0.002805600010324205,0.046314340952670695,1.0,-0.30211666922935276,defined,26,19,1,exploratory_descriptive_CV_dependence_single_pretrain_conditional
frozen_repaired_physiology_120_exploratory,pretrained_corr,pretrained_mse,rr_fft_secondary_mae_bpm,46,53,23838,reference_only_common_mask,method_minus_reference,False,1.524418648407017,1.3949628954884188,0.1294557529185985,0.6005043793676396,-0.04887203539771545,0.30778354123491247,0.1506564106202343,1.0,0.21557836606441028,defined,23,21,2,exploratory_descriptive_CV_dependence_single_pretrain_conditional
frozen_repaired_physiology_120_exploratory,pretrained_spectral,pretrained_mse,rr_fft_secondary_mae_bpm,46,53,23838,reference_only_common_mask,method_minus_reference,False,1.4276912935778505,1.3949628954884188,0.03272839808943238,0.7087706631340074,-0.1777505078483949,0.24320730402725965,0.755588766370191,1.0,0.04617628774971519,defined,23,22,1,exploratory_descriptive_CV_dependence_single_pretrain_conditional
frozen_repaired_physiology_120_exploratory,pretrained_corr_spectral,pretrained_mse,rr_fft_secondary_mae_bpm,46,53,23838,reference_only_common_mask,method_minus_reference,False,1.4325325921514132,1.3949628954884188,0.03756969666299456,0.44593614199083376,-0.09485699107453124,0.16999638440052037,0.5705683429882866,1.0,0.08424905076154784,defined,21,24,1,exploratory_descriptive_CV_dependence_single_pretrain_conditional
frozen_repaired_physiology_120_exploratory,pretrained_corr_spectral,pretrained_corr,rr_fft_secondary_mae_bpm,46,53,23838,reference_only_common_mask,method_minus_reference,False,1.4325325921514132,1.524418648407017,-0.09188605625560395,0.38728411390564604,-0.20689524162668238,0.023123129115474497,0.11457567766660523,1.0,-0.23725748864047166,defined,26,19,1,exploratory_descriptive_CV_dependence_single_pretrain_conditional
frozen_repaired_physiology_120_exploratory,matched_layerwise_calibrated_mse,matched_1d_mse,rr_fft_secondary_mae_bpm,46,53,23838,reference_only_common_mask,method_minus_reference,False,1.5624538545482383,1.5594428029963887,0.003011051551849695,0.7652761075181763,-0.22424790007935017,0.23027000318304955,0.978828395278394,1.0,0.003934595007303529,defined,23,23,0,exploratory_descriptive_CV_dependence_single_pretrain_conditional
frozen_repaired_physiology_120_exploratory,matched_layerwise_calibrated_mse,pretrained_mse,rr_fft_secondary_mae_bpm,46,53,23838,reference_only_common_mask,method_minus_reference,False,1.5624538545482383,1.3949628954884188,0.16749095905982014,0.9026369417370821,-0.10055912517450244,0.4355410432941427,0.21469723612644492,1.0,0.18555739446857972,defined,26,19,1,exploratory_descriptive_CV_dependence_single_pretrain_conditional
frozen_repaired_physiology_120_exploratory,depth2_diagonal,depth1,rr_fft_secondary_mae_bpm,46,53,23838,reference_only_common_mask,method_minus_reference,False,1.5368222863230396,1.4913295210215647,0.04549276530147499,0.5794452381605119,-0.12658123002957766,0.21756676063252767,0.5970085554889039,1.0,0.07851089681208677,defined,22,24,0,exploratory_descriptive_CV_dependence_single_pretrain_conditional
frozen_repaired_physiology_120_exploratory,depth3_diagonal,depth2_diagonal,rr_fft_secondary_mae_bpm,46,53,23838,reference_only_common_mask,method_minus_reference,False,1.4909194834045063,1.5368222863230396,-0.045902802918533575,0.4625181984017071,-0.1832537535708466,0.09144814773377946,0.5043164828082949,1.0,-0.0992453985100625,defined,21,24,1,exploratory_descriptive_CV_dependence_single_pretrain_conditional
frozen_repaired_physiology_120_exploratory,depth3_diagonal,depth1,rr_fft_secondary_mae_bpm,46,53,23838,reference_only_common_mask,method_minus_reference,False,1.4909194834045063,1.4913295210215647,-0.00041003761705861756,0.4622962017819229,-0.13769506341090268,0.13687498817678542,0.99522682753398,1.0,-0.0008869586543824623,defined,25,21,0,exploratory_descriptive_CV_dependence_single_pretrain_conditional
frozen_repaired_physiology_120_exploratory,depth3_lowrank,depth3_diagonal,rr_fft_secondary_mae_bpm,46,53,23838,reference_only_common_mask,method_minus_reference,False,1.504904880355954,1.4909194834045063,0.013985396951448239,0.469628955825747,-0.1254771880007148,0.15344798190361128,0.8408461462292258,1.0,0.029779673459141297,defined,20,26,0,exploratory_descriptive_CV_dependence_single_pretrain_conditional
frozen_repaired_physiology_120_exploratory,depth3_lowrank,depth1,rr_fft_secondary_mae_bpm,46,53,23838,reference_only_common_mask,method_minus_reference,False,1.504904880355954,1.4913295210215647,0.013575359334389626,0.5737671157050216,-0.15681244176716705,0.18396316043594632,0.8732288422852514,1.0,0.02366005119988234,defined,19,26,1,exploratory_descriptive_CV_dependence_single_pretrain_conditional
frozen_repaired_physiology_120_exploratory,pretrained_hard_lag,pretrained_corr,rr_fft_secondary_mae_bpm,46,53,23838,reference_only_common_mask,method_minus_reference,False,1.342898823217991,1.524418648407017,-0.181519825189026,0.5041521943418502,-0.33123454648127093,-0.03180510389678112,0.018600693292060592,1.0,-0.3600496580719888,defined,30,15,1,exploratory_descriptive_CV_dependence_single_pretrain_conditional
frozen_repaired_physiology_120_exploratory,pretrained_hard_lag,pretrained_mse,rr_fft_secondary_mae_bpm,46,53,23838,reference_only_common_mask,method_minus_reference,False,1.342898823217991,1.3949628954884188,-0.05206407227042754,0.41439331136345964,-0.1751236955596656,0.0709955510188105,0.39865605620337186,1.0,-0.12563926791946392,defined,22,23,1,exploratory_descriptive_CV_dependence_single_pretrain_conditional
frozen_repaired_physiology_120_exploratory,pretrained_soft_lag,pretrained_corr,rr_fft_secondary_mae_bpm,46,53,23838,reference_only_common_mask,method_minus_reference,False,1.3656620745048733,1.524418648407017,-0.15875657390214376,0.670703857690154,-0.3579310340169143,0.040417886212626764,0.11540446150627402,1.0,-0.23670144741508967,defined,33,12,1,exploratory_descriptive_CV_dependence_single_pretrain_conditional
frozen_repaired_physiology_120_exploratory,pretrained_soft_lag,pretrained_mse,rr_fft_secondary_mae_bpm,46,53,23838,reference_only_common_mask,method_minus_reference,False,1.3656620745048733,1.3949628954884188,-0.029300820983545275,0.5719135132971016,-0.19913817011642482,0.14053652814933426,0.7298516508071097,1.0,-0.05123295796006813,defined,25,20,1,exploratory_descriptive_CV_dependence_single_pretrain_conditional
frozen_repaired_physiology_120_exploratory,pretrained_soft_lag,pretrained_hard_lag,rr_fft_secondary_mae_bpm,46,53,23838,reference_only_common_mask,method_minus_reference,False,1.3656620745048733,1.342898823217991,0.02276325128688226,0.4322936912110899,-0.10561212865280903,0.15113863122657353,0.7226590207351601,1.0,0.052656912996139275,defined,23,21,2,exploratory_descriptive_CV_dependence_single_pretrain_conditional
frozen_repaired_physiology_120_exploratory,bandpass_fft,pretrained_mse,rr_manual_primary_mae_bpm,46,53,23838,reference_only_common_mask,method_minus_reference,False,3.334072897325432,1.6253116705895834,1.7087612267358492,3.248606971976067,0.7440440384424036,2.6734784150292947,0.0008695527654633413,0.09999856802828425,0.5259981405803736,defined,6,40,0,exploratory_descriptive_CV_dependence_single_pretrain_conditional
frozen_repaired_physiology_120_exploratory,bandpass_fft,pretrained_mse,rr_fft_secondary_mae_bpm,46,53,23838,reference_only_common_mask,method_minus_reference,False,3.076326036999407,1.3949628954884188,1.681363141510989,3.2302820296166237,0.7220877893710528,2.6406384936509255,0.000971045275422889,0.11069916139820934,0.5205004164018882,defined,7,39,0,exploratory_descriptive_CV_dependence_single_pretrain_conditional
frozen_repaired_physiology_120_exploratory,envelope_fft,pretrained_mse,rr_manual_primary_mae_bpm,46,53,23838,reference_only_common_mask,method_minus_reference,False,6.099842487246882,1.6253116705895834,4.474530816657298,3.6412597370645177,3.393210150387149,5.555851482927447,1.1296598621740087e-10,1.3442952359870704e-08,1.2288414284515008,defined,3,43,0,exploratory_descriptive_CV_dependence_single_pretrain_conditional
frozen_repaired_physiology_120_exploratory,envelope_fft,pretrained_mse,rr_fft_secondary_mae_bpm,46,53,23838,reference_only_common_mask,method_minus_reference,False,5.95913670212973,1.3949628954884188,4.564173806641312,3.6605651790053324,3.477120131783616,5.651227481499008,7.535665088375501e-11,9.042798106050602e-09,1.2468494845600626,defined,3,43,0,exploratory_descriptive_CV_dependence_single_pretrain_conditional
frozen_repaired_physiology_120_exploratory,bandpass_autocorrelation_corrected,pretrained_mse,rr_manual_primary_mae_bpm,46,53,23838,paired_complete_autocorrelation_windows,method_minus_reference,False,5.824988330966834,1.6253116705895834,4.199676660377253,4.075974569351149,2.9892616240184013,5.410091696736104,1.0610013574242408e-08,1.2413715881863618e-06,1.0303490831263444,defined,3,43,0,exploratory_descriptive_CV_dependence_single_pretrain_conditional
frozen_repaired_physiology_120_exploratory,bandpass_autocorrelation_corrected,pretrained_mse,rr_fft_secondary_mae_bpm,46,53,23838,paired_complete_autocorrelation_windows,method_minus_reference,False,5.891622630459441,1.3949628954884188,4.496659734971023,3.873074940868981,3.3464984506922635,5.646821019249782,5.255725184939819e-10,6.201755718228986e-08,1.1610050937878655,defined,3,43,0,exploratory_descriptive_CV_dependence_single_pretrain_conditional
