method,metric,n_patients,n_records,n_windows,reference_valid_windows,coverage,window_policy,mean,sd,ci95_low,ci95_high,evidence_role,inference_caveat
pretrained_mse,rr_manual_primary_mae_bpm,46,53,23838,23838,1.0,reference_only_common_mask,1.6253116705895834,1.8060967702174238,1.088967134922293,2.1616562062568736,primary_manual_reference,descriptive_patient_t_interval_CV_training_overlap
pretrained_mse,rr_fft_secondary_mae_bpm,46,53,23838,23838,1.0,reference_only_common_mask,1.3949628954884188,1.7510746236102575,0.8749579204471547,1.9149678705296829,secondary_sensitivity,descriptive_patient_t_interval_CV_training_overlap
pretrained_mse,rr_fft_full_grid_sensitivity_mae_bpm,46,53,23850,23850,1.0,full_grid_sensitivity,1.3942881500426259,1.749883960218855,0.874636758383121,1.9139395417021308,secondary_sensitivity,descriptive_patient_t_interval_CV_training_overlap
random_mse,rr_manual_primary_mae_bpm,46,53,23838,23838,1.0,reference_only_common_mask,1.7158467047918586,1.8675873988378122,1.1612417064521712,2.2704517031315463,primary_manual_reference,descriptive_patient_t_interval_CV_training_overlap
random_mse,rr_fft_secondary_mae_bpm,46,53,23838,23838,1.0,reference_only_common_mask,1.4986631605855236,1.7781003786290985,0.9706325269717716,2.0266937941992755,secondary_sensitivity,descriptive_patient_t_interval_CV_training_overlap
random_mse,rr_fft_full_grid_sensitivity_mae_bpm,46,53,23850,23850,1.0,full_grid_sensitivity,1.5004499384294783,1.7806516719844359,0.9716616642105361,2.0292382126484205,secondary_sensitivity,descriptive_patient_t_interval_CV_training_overlap
matched_1d_mse,rr_manual_primary_mae_bpm,46,53,23838,23838,1.0,reference_only_common_mask,1.7749860568759648,1.973117205359744,1.1890425743468334,2.360929539405096,primary_manual_reference,descriptive_patient_t_interval_CV_training_overlap
matched_1d_mse,rr_fft_secondary_mae_bpm,46,53,23838,23838,1.0,reference_only_common_mask,1.5594428029963887,1.9051909505210447,0.9936709282193128,2.1252146777734646,secondary_sensitivity,descriptive_patient_t_interval_CV_training_overlap
matched_1d_mse,rr_fft_full_grid_sensitivity_mae_bpm,46,53,23850,23850,1.0,full_grid_sensitivity,1.5614994790186605,1.906998083325482,0.9951909520417312,2.1278080059955897,secondary_sensitivity,descriptive_patient_t_interval_CV_training_overlap
pretrained_corr,rr_manual_primary_mae_bpm,46,53,23838,23838,1.0,reference_only_common_mask,1.7615393906900783,2.0802892033267275,1.1437697533092233,2.3793090280709333,primary_manual_reference,descriptive_patient_t_interval_CV_training_overlap
pretrained_corr,rr_fft_secondary_mae_bpm,46,53,23838,23838,1.0,reference_only_common_mask,1.524418648407017,2.023644534266326,0.923470401344894,2.1253668954691403,secondary_sensitivity,descriptive_patient_t_interval_CV_training_overlap
pretrained_corr,rr_fft_full_grid_sensitivity_mae_bpm,46,53,23850,23850,1.0,full_grid_sensitivity,1.5264753244292886,2.026060662998339,0.9248095757004481,2.128141073158129,secondary_sensitivity,descriptive_patient_t_interval_CV_training_overlap
pretrained_spectral,rr_manual_primary_mae_bpm,46,53,23838,23838,1.0,reference_only_common_mask,1.6619707439410325,2.2346275339670627,0.9983682798545574,2.3255732080275076,primary_manual_reference,descriptive_patient_t_interval_CV_training_overlap
pretrained_spectral,rr_fft_secondary_mae_bpm,46,53,23838,23838,1.0,reference_only_common_mask,1.4276912935778505,2.133272479588866,0.7941875653257032,2.061195021829998,secondary_sensitivity,descriptive_patient_t_interval_CV_training_overlap
pretrained_spectral,rr_fft_full_grid_sensitivity_mae_bpm,46,53,23850,23850,1.0,full_grid_sensitivity,1.4297622430614758,2.1345181879405644,0.795888585092114,2.0636359010308376,secondary_sensitivity,descriptive_patient_t_interval_CV_training_overlap
pretrained_corr_spectral,rr_manual_primary_mae_bpm,46,53,23838,23838,1.0,reference_only_common_mask,1.6704137072825551,1.9558817251966671,1.0895885305704234,2.251238883994687,primary_manual_reference,descriptive_patient_t_interval_CV_training_overlap
pretrained_corr_spectral,rr_fft_secondary_mae_bpm,46,53,23838,23838,1.0,reference_only_common_mask,1.4325325921514132,1.8885246276682708,0.8717100043334607,1.9933551799693656,secondary_sensitivity,descriptive_patient_t_interval_CV_training_overlap
pretrained_corr_spectral,rr_fft_full_grid_sensitivity_mae_bpm,46,53,23850,23850,1.0,full_grid_sensitivity,1.4327934072179598,1.8887441128884694,0.8719056403351563,1.9936811741007632,secondary_sensitivity,descriptive_patient_t_interval_CV_training_overlap
matched_layerwise_calibrated_mse,rr_manual_primary_mae_bpm,46,53,23838,23838,1.0,reference_only_common_mask,1.7830134184385964,2.207132077704136,1.1275760969765247,2.4384507399006683,primary_manual_reference,descriptive_patient_t_interval_CV_training_overlap
matched_layerwise_calibrated_mse,rr_fft_secondary_mae_bpm,46,53,23838,23838,1.0,reference_only_common_mask,1.5624538545482383,2.1576057675300198,0.9217240317494042,2.2031836773470723,secondary_sensitivity,descriptive_patient_t_interval_CV_training_overlap
matched_layerwise_calibrated_mse,rr_fft_full_grid_sensitivity_mae_bpm,46,53,23850,23850,1.0,full_grid_sensitivity,1.5617362887183859,2.156665973706883,0.9212855502355227,2.202187027201249,secondary_sensitivity,descriptive_patient_t_interval_CV_training_overlap
pretrained_hard_lag,rr_manual_primary_mae_bpm,46,53,23838,23838,1.0,reference_only_common_mask,1.5845253739052398,1.9425987108747957,1.0076447655386174,2.1614059822718623,primary_manual_reference,descriptive_patient_t_interval_CV_training_overlap
pretrained_hard_lag,rr_fft_secondary_mae_bpm,46,53,23838,23838,1.0,reference_only_common_mask,1.342898823217991,1.8877947968792284,0.7822929683913818,1.9035046780446003,secondary_sensitivity,descriptive_patient_t_interval_CV_training_overlap
pretrained_hard_lag,rr_fft_full_grid_sensitivity_mae_bpm,46,53,23850,23850,1.0,full_grid_sensitivity,1.3445817940702853,1.889766204386714,0.7833905034787442,1.9057730846618264,secondary_sensitivity,descriptive_patient_t_interval_CV_training_overlap
pretrained_soft_lag,rr_manual_primary_mae_bpm,46,53,23838,23838,1.0,reference_only_common_mask,1.6264930380109064,1.9509231625104921,1.0471403726532873,2.2058457033685253,primary_manual_reference,descriptive_patient_t_interval_CV_training_overlap
pretrained_soft_lag,rr_fft_secondary_mae_bpm,46,53,23838,23838,1.0,reference_only_common_mask,1.3656620745048733,1.9021250459203156,0.8008006610090499,1.9305234880006967,secondary_sensitivity,descriptive_patient_t_interval_CV_training_overlap
pretrained_soft_lag,rr_fft_full_grid_sensitivity_mae_bpm,46,53,23850,23850,1.0,full_grid_sensitivity,1.3681443591929527,1.9049083968097686,0.8024563925107112,1.9338323258751942,secondary_sensitivity,descriptive_patient_t_interval_CV_training_overlap
depth1,rr_manual_primary_mae_bpm,46,53,23838,23838,1.0,reference_only_common_mask,1.7117280732807767,1.8489657823609893,1.1626530124324417,2.2608031341291115,primary_manual_reference,descriptive_patient_t_interval_CV_training_overlap
depth1,rr_fft_secondary_mae_bpm,46,53,23838,23838,1.0,reference_only_common_mask,1.4913295210215647,1.792217327702884,0.9591066710100685,2.0235523710330607,secondary_sensitivity,descriptive_patient_t_interval_CV_training_overlap
depth1,rr_fft_full_grid_sensitivity_mae_bpm,46,53,23850,23850,1.0,full_grid_sensitivity,1.4944112910864829,1.796165935333825,0.9610158493505164,2.0278067328224494,secondary_sensitivity,descriptive_patient_t_interval_CV_training_overlap
depth2_diagonal,rr_manual_primary_mae_bpm,46,53,23838,23838,1.0,reference_only_common_mask,1.7802303501873116,2.1593502444752657,1.138982481682063,2.42147821869256,primary_manual_reference,descriptive_patient_t_interval_CV_training_overlap
depth2_diagonal,rr_fft_secondary_mae_bpm,46,53,23838,23838,1.0,reference_only_common_mask,1.5368222863230396,2.077846929833198,0.9197779146446984,2.1538666580013808,secondary_sensitivity,descriptive_patient_t_interval_CV_training_overlap
depth2_diagonal,rr_fft_full_grid_sensitivity_mae_bpm,46,53,23850,23850,1.0,full_grid_sensitivity,1.539263048214455,2.0810158643868983,0.9212776191355404,2.1572484772933693,secondary_sensitivity,descriptive_patient_t_interval_CV_training_overlap
depth3_diagonal,rr_manual_primary_mae_bpm,46,53,23838,23838,1.0,reference_only_common_mask,1.7009174226427077,2.045517018766569,1.093473849451542,2.3083609958338736,primary_manual_reference,descriptive_patient_t_interval_CV_training_overlap
depth3_diagonal,rr_fft_secondary_mae_bpm,46,53,23838,23838,1.0,reference_only_common_mask,1.4909194834045063,1.950619620343854,0.9116569589436019,2.0701820078654105,secondary_sensitivity,descriptive_patient_t_interval_CV_training_overlap
depth3_diagonal,rr_fft_full_grid_sensitivity_mae_bpm,46,53,23850,23850,1.0,full_grid_sensitivity,1.4930851567680212,1.9523454895608183,0.9133101124139088,2.0728602011221335,secondary_sensitivity,descriptive_patient_t_interval_CV_training_overlap
depth3_lowrank,rr_manual_primary_mae_bpm,46,53,23838,23838,1.0,reference_only_common_mask,1.7206159466755186,2.2194628851365663,1.0615168274095823,2.379715065941455,primary_manual_reference,descriptive_patient_t_interval_CV_training_overlap
depth3_lowrank,rr_fft_secondary_mae_bpm,46,53,23838,23838,1.0,reference_only_common_mask,1.504904880355954,2.1223756124859565,0.8746371221929589,2.135172638518949,secondary_sensitivity,descriptive_patient_t_interval_CV_training_overlap
depth3_lowrank,rr_fft_full_grid_sensitivity_mae_bpm,46,53,23850,23850,1.0,full_grid_sensitivity,1.506535947712418,2.124017447569973,0.875780624713308,2.137291270711528,secondary_sensitivity,descriptive_patient_t_interval_CV_training_overlap
bandpass_fft,rr_manual_primary_mae_bpm,46,53,23838,23838,1.0,reference_only_common_mask,3.334072897325432,2.6849484167857174,2.53674163820458,4.131404156446284,primary_manual_reference,descriptive_patient_t_interval_CV_training_overlap
bandpass_fft,rr_fft_secondary_mae_bpm,46,53,23838,23838,1.0,reference_only_common_mask,3.076326036999407,2.777911840533432,2.2513880487341322,3.9012640252646817,secondary_sensitivity,descriptive_patient_t_interval_CV_training_overlap
bandpass_fft,rr_fft_full_grid_sensitivity_mae_bpm,46,53,23850,23850,1.0,full_grid_sensitivity,3.0758264658520416,2.777449873880651,2.2510256647485876,3.9006272669554956,secondary_sensitivity,descriptive_patient_t_interval_CV_training_overlap
envelope_fft,rr_manual_primary_mae_bpm,46,53,23838,23838,1.0,reference_only_common_mask,6.099842487246882,3.013196884262077,5.205033465707511,6.994651508786252,primary_manual_reference,descriptive_patient_t_interval_CV_training_overlap
envelope_fft,rr_fft_secondary_mae_bpm,46,53,23838,23838,1.0,reference_only_common_mask,5.95913670212973,3.040164593034905,5.056319259625169,6.861954144634292,secondary_sensitivity,descriptive_patient_t_interval_CV_training_overlap
envelope_fft,rr_fft_full_grid_sensitivity_mae_bpm,46,53,23850,23850,1.0,full_grid_sensitivity,5.960239651416122,3.0391971945966407,5.057709490786338,6.862769812045907,secondary_sensitivity,descriptive_patient_t_interval_CV_training_overlap
bandpass_autocorrelation_corrected,rr_manual_primary_mae_bpm,46,53,23838,23838,1.0,autocorrelation_coverage_conditioned,5.824988330966834,3.1655790473905596,4.884927392766716,6.765049269166951,primary_manual_reference,descriptive_patient_t_interval_CV_training_overlap
bandpass_autocorrelation_corrected,rr_fft_secondary_mae_bpm,46,53,23838,23838,1.0,autocorrelation_coverage_conditioned,5.891622630459441,3.0361052196933493,4.990010673035125,6.793234587883757,secondary_sensitivity,descriptive_patient_t_interval_CV_training_overlap
bandpass_autocorrelation_corrected,rr_fft_full_grid_sensitivity_mae_bpm,46,53,23850,23850,1.0,full_grid_autocorrelation_coverage_conditioned,5.891840831713485,3.0361370627603517,4.990219418065523,6.793462245361447,secondary_sensitivity,descriptive_patient_t_interval_CV_training_overlap
pretrained_mse,test_mse,46,53,not_applicable,not_applicable,1.0,not_applicable_waveform,0.09791605581042374,0.05460691489621282,0.081699803781632,0.11413230783921549,corrected_waveform_endpoint,descriptive_patient_t_interval_CV_training_overlap
pretrained_mse,test_mae,46,53,not_applicable,not_applicable,1.0,not_applicable_waveform,0.25240394650397496,0.08160365532544014,0.22817065217223884,0.27663724083571106,corrected_waveform_endpoint,descriptive_patient_t_interval_CV_training_overlap
pretrained_mse,waveform_correlation,46,53,not_applicable,not_applicable,1.0,not_applicable_waveform,0.20007728962388868,0.35765640754392003,0.09386644699584819,0.3062881322519292,corrected_waveform_endpoint,descriptive_patient_t_interval_CV_training_overlap
pretrained_mse,max_lag_waveform_correlation,46,53,not_applicable,not_applicable,1.0,not_applicable_waveform,0.5324157902847351,0.19570646509852982,0.474298144053785,0.5905334365156851,corrected_waveform_endpoint,descriptive_patient_t_interval_CV_training_overlap
random_mse,test_mse,46,53,not_applicable,not_applicable,1.0,not_applicable_waveform,0.09502730199784166,0.05043962773947175,0.08004858149666873,0.1100060224990146,corrected_waveform_endpoint,descriptive_patient_t_interval_CV_training_overlap
random_mse,test_mae,46,53,not_applicable,not_applicable,1.0,not_applicable_waveform,0.24973388777398647,0.0796358190291966,0.22608496868835132,0.27338280685962163,corrected_waveform_endpoint,descriptive_patient_t_interval_CV_training_overlap
random_mse,waveform_correlation,46,53,not_applicable,not_applicable,1.0,not_applicable_waveform,0.19420576217871893,0.3540713047480357,0.08905956366393192,0.29935196069350595,corrected_waveform_endpoint,descriptive_patient_t_interval_CV_training_overlap
random_mse,max_lag_waveform_correlation,46,53,not_applicable,not_applicable,1.0,not_applicable_waveform,0.5189358105557257,0.1943266097533673,0.46122793078169705,0.5766436903297544,corrected_waveform_endpoint,descriptive_patient_t_interval_CV_training_overlap
matched_1d_mse,test_mse,46,53,not_applicable,not_applicable,1.0,not_applicable_waveform,0.09471647282940932,0.045075925404821596,0.08133057530736676,0.10810237035145187,corrected_waveform_endpoint,descriptive_patient_t_interval_CV_training_overlap
matched_1d_mse,test_mae,46,53,not_applicable,not_applicable,1.0,not_applicable_waveform,0.25154360288233446,0.07197340206878174,0.23017014075697512,0.2729170650076938,corrected_waveform_endpoint,descriptive_patient_t_interval_CV_training_overlap
matched_1d_mse,waveform_correlation,46,53,not_applicable,not_applicable,1.0,not_applicable_waveform,0.19342796433734744,0.3391842115654443,0.09270268678987462,0.2941532418848203,corrected_waveform_endpoint,descriptive_patient_t_interval_CV_training_overlap
matched_1d_mse,max_lag_waveform_correlation,46,53,not_applicable,not_applicable,1.0,not_applicable_waveform,0.5151007859132598,0.1908136887497802,0.45843611490610026,0.5717654569204194,corrected_waveform_endpoint,descriptive_patient_t_interval_CV_training_overlap
pretrained_corr,test_mse,46,53,not_applicable,not_applicable,1.0,not_applicable_waveform,0.0880421927517223,0.048639005085236095,0.0735981911744317,0.1024861943290129,corrected_waveform_endpoint,descriptive_patient_t_interval_CV_training_overlap
pretrained_corr,test_mae,46,53,not_applicable,not_applicable,1.0,not_applicable_waveform,0.23827610946879543,0.07775713700365758,0.21518509007894066,0.2613671288586502,corrected_waveform_endpoint,descriptive_patient_t_interval_CV_training_overlap
pretrained_corr,waveform_correlation,46,53,not_applicable,not_applicable,1.0,not_applicable_waveform,0.26638783666741983,0.3295587952043246,0.1685209549456522,0.36425471838918744,corrected_waveform_endpoint,descriptive_patient_t_interval_CV_training_overlap
pretrained_corr,max_lag_waveform_correlation,46,53,not_applicable,not_applicable,1.0,not_applicable_waveform,0.5571761371847501,0.19428904348916626,0.49947941321414346,0.6148728611553568,corrected_waveform_endpoint,descriptive_patient_t_interval_CV_training_overlap
pretrained_spectral,test_mse,46,53,not_applicable,not_applicable,1.0,not_applicable_waveform,0.09113307245310996,0.048400363315682426,0.07675993873361785,0.10550620617260208,corrected_waveform_endpoint,descriptive_patient_t_interval_CV_training_overlap
pretrained_spectral,test_mae,46,53,not_applicable,not_applicable,1.0,not_applicable_waveform,0.24424362701774333,0.07696311124544246,0.22138840417191674,0.2670988498635699,corrected_waveform_endpoint,descriptive_patient_t_interval_CV_training_overlap
pretrained_spectral,waveform_correlation,46,53,not_applicable,not_applicable,1.0,not_applicable_waveform,0.23892996701732933,0.32730458186480565,0.14173250402595106,0.3361274300087076,corrected_waveform_endpoint,descriptive_patient_t_interval_CV_training_overlap
pretrained_spectral,max_lag_waveform_correlation,46,53,not_applicable,not_applicable,1.0,not_applicable_waveform,0.5365397239626738,0.20862632082341798,0.4745853541774153,0.5984940937479323,corrected_waveform_endpoint,descriptive_patient_t_interval_CV_training_overlap
pretrained_corr_spectral,test_mse,46,53,not_applicable,not_applicable,1.0,not_applicable_waveform,0.08826809729478462,0.04976832321783566,0.07348872962890018,0.10304746496066905,corrected_waveform_endpoint,descriptive_patient_t_interval_CV_training_overlap
pretrained_corr_spectral,test_mae,46,53,not_applicable,not_applicable,1.0,not_applicable_waveform,0.23814693625998384,0.07936033947178081,0.2145798245047999,0.2617140480151678,corrected_waveform_endpoint,descriptive_patient_t_interval_CV_training_overlap
pretrained_corr_spectral,waveform_correlation,46,53,not_applicable,not_applicable,1.0,not_applicable_waveform,0.2729316237721915,0.31920647019339066,0.17813900309923675,0.36772424444514623,corrected_waveform_endpoint,descriptive_patient_t_interval_CV_training_overlap
pretrained_corr_spectral,max_lag_waveform_correlation,46,53,not_applicable,not_applicable,1.0,not_applicable_waveform,0.558804703976581,0.17444715522599522,0.5070002934870463,0.6106091144661157,corrected_waveform_endpoint,descriptive_patient_t_interval_CV_training_overlap
matched_layerwise_calibrated_mse,test_mse,46,53,not_applicable,not_applicable,1.0,not_applicable_waveform,0.08784060681691683,0.04616525615340073,0.07413121799353917,0.10154999564029449,corrected_waveform_endpoint,descriptive_patient_t_interval_CV_training_overlap
matched_layerwise_calibrated_mse,test_mae,46,53,not_applicable,not_applicable,1.0,not_applicable_waveform,0.24092565819264825,0.07254666701930614,0.2193819573908384,0.2624693589944581,corrected_waveform_endpoint,descriptive_patient_t_interval_CV_training_overlap
matched_layerwise_calibrated_mse,waveform_correlation,46,53,not_applicable,not_applicable,1.0,not_applicable_waveform,0.2682585811675538,0.29819819389551816,0.17970464846633832,0.3568125138687693,corrected_waveform_endpoint,descriptive_patient_t_interval_CV_training_overlap
matched_layerwise_calibrated_mse,max_lag_waveform_correlation,46,53,not_applicable,not_applicable,1.0,not_applicable_waveform,0.5162134662037398,0.2008104326082446,0.4565801287157097,0.5758468036917698,corrected_waveform_endpoint,descriptive_patient_t_interval_CV_training_overlap
pretrained_hard_lag,test_mse,46,53,not_applicable,not_applicable,1.0,not_applicable_waveform,0.09080918144614619,0.050798990166454616,0.07572374347710845,0.10589461941518394,corrected_waveform_endpoint,descriptive_patient_t_interval_CV_training_overlap
pretrained_hard_lag,test_mae,46,53,not_applicable,not_applicable,1.0,not_applicable_waveform,0.24285863853571268,0.080237706315379,0.21903098098912968,0.26668629608229566,corrected_waveform_endpoint,descriptive_patient_t_interval_CV_training_overlap
pretrained_hard_lag,waveform_correlation,46,53,not_applicable,not_applicable,1.0,not_applicable_waveform,0.2602444245698271,0.3260807521159047,0.16341039415262432,0.3570784549870299,corrected_waveform_endpoint,descriptive_patient_t_interval_CV_training_overlap
pretrained_hard_lag,max_lag_waveform_correlation,46,53,not_applicable,not_applicable,1.0,not_applicable_waveform,0.5684456100239262,0.20515835829101575,0.5075210979876127,0.6293701220602398,corrected_waveform_endpoint,descriptive_patient_t_interval_CV_training_overlap
pretrained_soft_lag,test_mse,46,53,not_applicable,not_applicable,1.0,not_applicable_waveform,0.0905072788113194,0.05063127167920682,0.07547164708503071,0.10554291053760809,corrected_waveform_endpoint,descriptive_patient_t_interval_CV_training_overlap
pretrained_soft_lag,test_mae,46,53,not_applicable,not_applicable,1.0,not_applicable_waveform,0.24225892288185474,0.080693721157725,0.21829584564297808,0.26622200012073144,corrected_waveform_endpoint,descriptive_patient_t_interval_CV_training_overlap
pretrained_soft_lag,waveform_correlation,46,53,not_applicable,not_applicable,1.0,not_applicable_waveform,0.25334488410088163,0.3361689594135074,0.15351502591410882,0.35317474228765444,corrected_waveform_endpoint,descriptive_patient_t_interval_CV_training_overlap
pretrained_soft_lag,max_lag_waveform_correlation,46,53,not_applicable,not_applicable,1.0,not_applicable_waveform,0.5793670845179747,0.20863203754439463,0.5174110170761408,0.6413231519598086,corrected_waveform_endpoint,descriptive_patient_t_interval_CV_training_overlap
depth1,test_mse,46,53,not_applicable,not_applicable,1.0,not_applicable_waveform,0.09426793351445278,0.04559655860334143,0.08072742701701216,0.10780844001189341,corrected_waveform_endpoint,descriptive_patient_t_interval_CV_training_overlap
depth1,test_mae,46,53,not_applicable,not_applicable,1.0,not_applicable_waveform,0.2504199567997259,0.07307959449579388,0.22871799607262602,0.27212191752682574,corrected_waveform_endpoint,descriptive_patient_t_interval_CV_training_overlap
depth1,waveform_correlation,46,53,not_applicable,not_applicable,1.0,not_applicable_waveform,0.2001841370438315,0.3360665389135167,0.10038469399118446,0.2999835800964785,corrected_waveform_endpoint,descriptive_patient_t_interval_CV_training_overlap
depth1,max_lag_waveform_correlation,46,53,not_applicable,not_applicable,1.0,not_applicable_waveform,0.5091372449324049,0.20672463354362544,0.4477476065601492,0.5705268833046605,corrected_waveform_endpoint,descriptive_patient_t_interval_CV_training_overlap
depth2_diagonal,test_mse,46,53,not_applicable,not_applicable,1.0,not_applicable_waveform,0.09488273363990714,0.04745810470675089,0.08078941618741663,0.10897605109239765,corrected_waveform_endpoint,descriptive_patient_t_interval_CV_training_overlap
depth2_diagonal,test_mae,46,53,not_applicable,not_applicable,1.0,not_applicable_waveform,0.25058336848105955,0.07435748909602072,0.2285019199007657,0.2726648170613534,corrected_waveform_endpoint,descriptive_patient_t_interval_CV_training_overlap
depth2_diagonal,waveform_correlation,46,53,not_applicable,not_applicable,1.0,not_applicable_waveform,0.20256586114206487,0.3300596352287419,0.10455024829206021,0.3005814739920695,corrected_waveform_endpoint,descriptive_patient_t_interval_CV_training_overlap
depth2_diagonal,max_lag_waveform_correlation,46,53,not_applicable,not_applicable,1.0,not_applicable_waveform,0.5227920911674453,0.21490388150713888,0.4589735159721809,0.5866106663627096,corrected_waveform_endpoint,descriptive_patient_t_interval_CV_training_overlap
depth3_diagonal,test_mse,46,53,not_applicable,not_applicable,1.0,not_applicable_waveform,0.0912192909700711,0.046940308763596485,0.07727973993213884,0.10515884200800336,corrected_waveform_endpoint,descriptive_patient_t_interval_CV_training_overlap
depth3_diagonal,test_mae,46,53,not_applicable,not_applicable,1.0,not_applicable_waveform,0.24494351329967992,0.07527817586647571,0.22258865449766507,0.26729837210169477,corrected_waveform_endpoint,descriptive_patient_t_interval_CV_training_overlap
depth3_diagonal,waveform_correlation,46,53,not_applicable,not_applicable,1.0,not_applicable_waveform,0.22147434317944495,0.33803622995777044,0.12108997408852638,0.3218587122703635,corrected_waveform_endpoint,descriptive_patient_t_interval_CV_training_overlap
depth3_diagonal,max_lag_waveform_correlation,46,53,not_applicable,not_applicable,1.0,not_applicable_waveform,0.5139365948412113,0.19519881678506404,0.45596970155077804,0.5719034881316447,corrected_waveform_endpoint,descriptive_patient_t_interval_CV_training_overlap
depth3_lowrank,test_mse,46,53,not_applicable,not_applicable,1.0,not_applicable_waveform,0.0947970518930431,0.05281115953472992,0.07911407338060378,0.11048003040548243,corrected_waveform_endpoint,descriptive_patient_t_interval_CV_training_overlap
depth3_lowrank,test_mae,46,53,not_applicable,not_applicable,1.0,not_applicable_waveform,0.24934192596707555,0.07986344403595058,0.22562541059835806,0.27305844133579305,corrected_waveform_endpoint,descriptive_patient_t_interval_CV_training_overlap
depth3_lowrank,waveform_correlation,46,53,not_applicable,not_applicable,1.0,not_applicable_waveform,0.17995498253294998,0.35542170216972646,0.07440776548468989,0.28550219958121004,corrected_waveform_endpoint,descriptive_patient_t_interval_CV_training_overlap
depth3_lowrank,max_lag_waveform_correlation,46,53,not_applicable,not_applicable,1.0,not_applicable_waveform,0.5038533814342323,0.19533352740741428,0.4458464840269735,0.5618602788414911,corrected_waveform_endpoint,descriptive_patient_t_interval_CV_training_overlap
